path,type,rows,cols,null_count
Synchronised V abd S datasets\Categorised IOVNB Dataset\M (Driver B)\S-M.csv,Smartphone,105974,24,0
Synchronised V abd S datasets\Categorised IOVNB Dataset\M (Driver B)\V-M.csv,Vehicle,105974,29,0
Synchronised V abd S datasets\Categorised IOVNB Dataset\S (Driver A)\S1\S-S1.csv,Smartphone,51746,24,0
Synchronised V abd S datasets\Categorised IOVNB Dataset\S (Driver A)\S1\V-S1.csv,Vehicle,51746,29,0
Synchronised V abd S datasets\Categorised IOVNB Dataset\S (Driver A)\S2\S-S2.csv,Smartphone,93876,24,0
Synchronised V abd S datasets\Categorised IOVNB Dataset\S (Driver A)\S2\V-S2.csv,Vehicle,93876,29,0
Synchronised V abd S datasets\Categorised IOVNB Dataset\S (Driver A)\S3a\S-S3a.csv,Smartphone,24621,24,0
Synchronised V abd S datasets\Categorised IOVNB Dataset\S (Driver A)\S3a\V-S3a.csv,Vehicle,24621,29,0
Synchronised V abd S datasets\Categorised IOVNB Dataset\S (Driver A)\S3b\S-S3b.csv,Smartphone,6813,24,0
Synchronised V abd S datasets\Categorised IOVNB Dataset\S (Driver A)\S3b\V-S3b.csv,Vehicle,6813,29,0
Synchronised V abd S datasets\Categorised IOVNB Dataset\S (Driver A)\S3c\S-S3c.csv,Smartphone,37183,24,0
Synchronised V abd S datasets\Categorised IOVNB Dataset\S (Driver A)\S3c\V-S3c.csv,Vehicle,37183,29,0
Synchronised V abd S datasets\Categorised IOVNB Dataset\S (Driver A)\S4\S-S4.csv,Smartphone,94600,24,0
Synchronised V abd S datasets\Categorised IOVNB Dataset\S (Driver A)\S4\V-S4.csv,Vehicle,94600,29,0
Synchronised V abd S datasets\Categorised IOVNB Dataset\Vf (Driver E)\V-Vfa01\S-Vfa01.csv,Smartphone,11486,24,0
Synchronised V abd S datasets\Categorised IOVNB Dataset\Vf (Driver E)\V-Vfa01\V-Vfa01.csv,Vehicle,11535,29,0
Synchronised V abd S datasets\Categorised IOVNB Dataset\Vf (Driver E)\V-Vfa02\S-Vfa02.csv,Smartphone,67523,24,0
Synchronised V abd S datasets\Categorised IOVNB Dataset\Vf (Driver E)\V-Vfa02\V-Vfa02.csv,Vehicle,67755,29,0
Synchronised V abd S datasets\Categorised IOVNB Dataset\Vta (Driver E)\Vta01a\S-Vta1a.csv,Smartphone,25676,24,0
Synchronised V abd S datasets\Categorised IOVNB Dataset\Vta (Driver E)\Vta01a\V-Vta1a.csv,Vehicle,25676,29,0
Synchronised V abd S datasets\Categorised IOVNB Dataset\Vta (Driver E)\Vta01b\S-Vta1b.csv,Smartphone,954,24,0
Synchronised V abd S datasets\Categorised IOVNB Dataset\Vta (Driver E)\Vta01b\V-Vta1b.csv,Vehicle,953,29,0
Synchronised V abd S datasets\Categorised IOVNB Dataset\Vta (Driver E)\Vta02\S-Vta2.csv,Smartphone,10991,24,0
Synchronised V abd S datasets\Categorised IOVNB Dataset\Vta (Driver E)\Vta02\V-vta2.csv,Vehicle,10991,29,0
Synchronised V abd S datasets\Categorised IOVNB Dataset\Vta (Driver E)\Vta03\S-Vta3.csv,Smartphone,645,24,0
Synchronised V abd S datasets\Categorised IOVNB Dataset\Vta (Driver E)\Vta03\V-vta3.csv,Vehicle,645,29,0
Synchronised V abd S datasets\Categorised IOVNB Dataset\Vta (Driver E)\Vta04\S-Vta4.csv,Smartphone,1789,24,0
Synchronised V abd S datasets\Categorised IOVNB Dataset\Vta (Driver E)\Vta04\V-vta4.csv,Vehicle,1789,29,0
Synchronised V abd S datasets\Categorised IOVNB Dataset\Vta (Driver E)\Vta05\S-Vta5.csv,Smartphone,307,24,0
Synchronised V abd S datasets\Categorised IOVNB Dataset\Vta (Driver E)\Vta05\V-vta5.csv,Vehicle,307,29,0
Synchronised V abd S datasets\Categorised IOVNB Dataset\Vta (Driver E)\Vta06\S-Vta6.csv,Smartphone,1376,24,0
Synchronised V abd S datasets\Categorised IOVNB Dataset\Vta (Driver E)\Vta06\V-vta6.csv,Vehicle,1376,29,0
Synchronised V abd S datasets\Categorised IOVNB Dataset\Vta (Driver E)\Vta07\S-Vta7.csv,Smartphone,840,24,0
Synchronised V abd S datasets\Categorised IOVNB Dataset\Vta (Driver E)\Vta07\V-vta7.csv,Vehicle,840,29,0
Synchronised V abd S datasets\Categorised IOVNB Dataset\Vta (Driver E)\Vta08\S-Vta8.csv,Smartphone,3676,24,0
Synchronised V abd S datasets\Categorised IOVNB Dataset\Vta (Driver E)\Vta08\V-vta8.csv,Vehicle,3676,29,0
Synchronised V abd S datasets\Categorised IOVNB Dataset\Vta (Driver E)\Vta09\S-Vta9.csv,Smartphone,156,24,0
Synchronised V abd S datasets\Categorised IOVNB Dataset\Vta (Driver E)\Vta09\V-vta9.csv,Vehicle,156,29,0
Synchronised V abd S datasets\Categorised IOVNB Dataset\Vta (Driver E)\Vta10\S-Vta10.csv,Smartphone,1502,24,0
Synchronised V abd S datasets\Categorised IOVNB Dataset\Vta (Driver E)\Vta10\V-vta10.csv,Vehicle,1502,29,0
Synchronised V abd S datasets\Categorised IOVNB Dataset\Vta (Driver E)\Vta11\S-Vta11.csv,Smartphone,510,24,0
Synchronised V abd S datasets\Categorised IOVNB Dataset\Vta (Driver E)\Vta11\V-vta11.csv,Vehicle,510,29,0
Synchronised V abd S datasets\Categorised IOVNB Dataset\Vta (Driver E)\Vta12\S-Vta12.csv,Smartphone,610,24,0
Synchronised V abd S datasets\Categorised IOVNB Dataset\Vta (Driver E)\Vta12\V-vta12.csv,Vehicle,610,29,0
Synchronised V abd S datasets\Categorised IOVNB Dataset\Vta (Driver E)\Vta13\S-Vta13.csv,Smartphone,404,24,0
Synchronised V abd S datasets\Categorised IOVNB Dataset\Vta (Driver E)\Vta13\V-vta13.csv,Vehicle,404,29,0
Synchronised V abd S datasets\Categorised IOVNB Dataset\Vta (Driver E)\Vta14\S-Vta14.csv,Smartphone,2885,24,0
Synchronised V abd S datasets\Categorised IOVNB Dataset\Vta (Driver E)\Vta14\V-vta14.csv,Vehicle,2885,29,0
Synchronised V abd S datasets\Categorised IOVNB Dataset\Vta (Driver E)\Vta15\S-Vta15.csv,Smartphone,833,24,0
Synchronised V abd S datasets\Categorised IOVNB Dataset\Vta (Driver E)\Vta15\V-vta15.csv,Vehicle,833,29,0
Synchronised V abd S datasets\Categorised IOVNB Dataset\Vta (Driver E)\Vta16\S-Vta16.csv,Smartphone,11335,24,0
Synchronised V abd S datasets\Categorised IOVNB Dataset\Vta (Driver E)\Vta16\V-vta16.csv,Vehicle,11335,29,0
Synchronised V abd S datasets\Categorised IOVNB Dataset\Vta (Driver E)\Vta17\S-Vta17.csv,Smartphone,4519,24,0
Synchronised V abd S datasets\Categorised IOVNB Dataset\Vta (Driver E)\Vta17\V-vta17.csv,Vehicle,4519,29,0
Synchronised V abd S datasets\Categorised IOVNB Dataset\Vta (Driver E)\Vta19\S-Vta19.csv,Smartphone,292,24,0
Synchronised V abd S datasets\Categorised IOVNB Dataset\Vta (Driver E)\Vta19\V-vta19.csv,Vehicle,292,29,0
Synchronised V abd S datasets\Categorised IOVNB Dataset\Vta (Driver E)\Vta20\S-Vta20.csv,Smartphone,3223,24,0
Synchronised V abd S datasets\Categorised IOVNB Dataset\Vta (Driver E)\Vta20\V-vta20.csv,Vehicle,3223,29,0
Synchronised V abd S datasets\Categorised IOVNB Dataset\Vta (Driver E)\Vta21\S-Vta21.csv,Smartphone,2079,24,0
Synchronised V abd S datasets\Categorised IOVNB Dataset\Vta (Driver E)\Vta21\V-vta21.csv,Vehicle,2079,29,0
Synchronised V abd S datasets\Categorised IOVNB Dataset\Vta (Driver E)\Vta22\S-Vta22.csv,Smartphone,1564,24,0
Synchronised V abd S datasets\Categorised IOVNB Dataset\Vta (Driver E)\Vta22\V-vta22.csv,Vehicle,1564,29,0
Synchronised V abd S datasets\Categorised IOVNB Dataset\Vta (Driver E)\Vta23\S-Vta23.csv,Smartphone,1110,24,0
Synchronised V abd S datasets\Categorised IOVNB Dataset\Vta (Driver E)\Vta23\V-vta23.csv,Vehicle,1110,29,0
Synchronised V abd S datasets\Categorised IOVNB Dataset\Vta (Driver E)\Vta24\S-Vta24.csv,Smartphone,1171,24,0
Synchronised V abd S datasets\Categorised IOVNB Dataset\Vta (Driver E)\Vta24\V-vta24.csv,Vehicle,1171,29,0
Synchronised V abd S datasets\Categorised IOVNB Dataset\Vta (Driver E)\Vta25\S-Vta25.csv,Smartphone,646,24,0
Synchronised V abd S datasets\Categorised IOVNB Dataset\Vta (Driver E)\Vta25\V-vta25.csv,Vehicle,646,29,0
Synchronised V abd S datasets\Categorised IOVNB Dataset\Vta (Driver E)\Vta26\S-Vta26.csv,Smartphone,1935,24,0
Synchronised V abd S datasets\Categorised IOVNB Dataset\Vta (Driver E)\Vta26\V-vta26.csv,Vehicle,1935,29,0
Synchronised V abd S datasets\Categorised IOVNB Dataset\Vta (Driver E)\Vta27\S-Vta27.csv,Smartphone,2540,24,0
Synchronised V abd S datasets\Categorised IOVNB Dataset\Vta (Driver E)\Vta27\V-vta27.csv,Vehicle,2540,29,0
Synchronised V abd S datasets\Categorised IOVNB Dataset\Vta (Driver E)\Vta28\S-Vta28.csv,Smartphone,4210,24,0
Synchronised V abd S datasets\Categorised IOVNB Dataset\Vta (Driver E)\Vta28\V-vta28.csv,Vehicle,4210,29,0
Synchronised V abd S datasets\Categorised IOVNB Dataset\Vta (Driver E)\Vta29\S-Vta29.csv,Smartphone,23705,24,0
Synchronised V abd S datasets\Categorised IOVNB Dataset\Vta (Driver E)\Vta29\V-vta29.csv,Vehicle,23705,29,0
Synchronised V abd S datasets\Categorised IOVNB Dataset\Vta (Driver E)\Vta30\S-Vta30.csv,Smartphone,17136,24,0
Synchronised V abd S datasets\Categorised IOVNB Dataset\Vta (Driver E)\Vta30\V-vta30.csv,Vehicle,17136,29,0
Synchronised V abd S datasets\Categorised IOVNB Dataset\Vtb (Driver E)\Vtb01\S-Vtb1.csv,Smartphone,32459,24,0
Synchronised V abd S datasets\Categorised IOVNB Dataset\Vtb (Driver E)\Vtb01\V-vtb1.csv,Vehicle,32459,29,0
Synchronised V abd S datasets\Categorised IOVNB Dataset\Vtb (Driver E)\Vtb02\S-Vtb2.csv,Smartphone,5712,24,0
Synchronised V abd S datasets\Categorised IOVNB Dataset\Vtb (Driver E)\Vtb02\V-vtb2.csv,Vehicle,5712,29,0
Synchronised V abd S datasets\Categorised IOVNB Dataset\Vtb (Driver E)\Vtb03\S-Vtb3.csv,Smartphone,8240,24,0
Synchronised V abd S datasets\Categorised IOVNB Dataset\Vtb (Driver E)\Vtb03\V-vtb3.csv,Vehicle,8240,29,0
Synchronised V abd S datasets\Categorised IOVNB Dataset\Vtb (Driver E)\Vtb04\S-Vtb4.csv,Smartphone,556,24,0
Synchronised V abd S datasets\Categorised IOVNB Dataset\Vtb (Driver E)\Vtb04\V-vtb4.csv,Vehicle,556,29,0
Synchronised V abd S datasets\Categorised IOVNB Dataset\Vtb (Driver E)\Vtb05\S-Vtb5.csv,Smartphone,64388,24,0
Synchronised V abd S datasets\Categorised IOVNB Dataset\Vtb (Driver E)\Vtb05\V-vtb5.csv,Vehicle,64388,29,0
Synchronised V abd S datasets\Categorised IOVNB Dataset\Vtb (Driver E)\Vtb06\S-Vtb6.csv,Smartphone,498,24,0
Synchronised V abd S datasets\Categorised IOVNB Dataset\Vtb (Driver E)\Vtb06\V-vtb6.csv,Vehicle,498,29,0
Synchronised V abd S datasets\Categorised IOVNB Dataset\Vtb (Driver E)\Vtb07\S-Vtb7.csv,Smartphone,461,24,0
Synchronised V abd S datasets\Categorised IOVNB Dataset\Vtb (Driver E)\Vtb07\V-vtb7.csv,Vehicle,461,29,0
Synchronised V abd S datasets\Categorised IOVNB Dataset\Vtb (Driver E)\Vtb08\S-Vtb8.csv,Smartphone,668,24,0
Synchronised V abd S datasets\Categorised IOVNB Dataset\Vtb (Driver E)\Vtb08\V-vtb8.csv,Vehicle,668,29,0
Synchronised V abd S datasets\Categorised IOVNB Dataset\Vtb (Driver E)\Vtb09\S-Vtb9.csv,Smartphone,452,24,0
Synchronised V abd S datasets\Categorised IOVNB Dataset\Vtb (Driver E)\Vtb09\V-vtb9.csv,Vehicle,452,29,0
Synchronised V abd S datasets\Categorised IOVNB Dataset\Vtb (Driver E)\Vtb10\S-Vtb10.csv,Smartphone,196,24,0
Synchronised V abd S datasets\Categorised IOVNB Dataset\Vtb (Driver E)\Vtb10\V-vtb10.csv,Vehicle,195,29,0
Synchronised V abd S datasets\Categorised IOVNB Dataset\Vtb (Driver E)\Vtb11\S-Vtb11.csv,Smartphone,361,24,0
Synchronised V abd S datasets\Categorised IOVNB Dataset\Vtb (Driver E)\Vtb11\V-vtb11.csv,Vehicle,361,29,0
Synchronised V abd S datasets\Categorised IOVNB Dataset\Vtb (Driver E)\Vtb12\S-Vtb12.csv,Smartphone,447,24,0
Synchronised V abd S datasets\Categorised IOVNB Dataset\Vtb (Driver E)\Vtb12\V-vtb12.csv,Vehicle,447,29,0
Synchronised V abd S datasets\Categorised IOVNB Dataset\Vw (Driver E)\Vw01\S-Vw1.csv,Smartphone,20476,24,0
Synchronised V abd S datasets\Categorised IOVNB Dataset\Vw (Driver E)\Vw01\V-Vw1.csv,Vehicle,20475,29,0
Synchronised V abd S datasets\Categorised IOVNB Dataset\Vw (Driver E)\Vw02\S-Vw2.csv,Smartphone,52713,24,0
Synchronised V abd S datasets\Categorised IOVNB Dataset\Vw (Driver E)\Vw02\V-Vw2.csv,Vehicle,52712,29,0
Synchronised V abd S datasets\Categorised IOVNB Dataset\Vw (Driver E)\Vw03\S-Vw3.csv,Smartphone,3861,24,0
Synchronised V abd S datasets\Categorised IOVNB Dataset\Vw (Driver E)\Vw03\V-Vw3.csv,Vehicle,3861,29,0
Synchronised V abd S datasets\Categorised IOVNB Dataset\Vw (Driver E)\Vw04\S-Vw4.csv,Smartphone,126526,24,0
Synchronised V abd S datasets\Categorised IOVNB Dataset\Vw (Driver E)\Vw04\V-Vw4.csv,Vehicle,126527,29,0
Synchronised V abd S datasets\Categorised IOVNB Dataset\Vw (Driver E)\Vw05\S-Vw5.csv,Smartphone,1012,24,0
Synchronised V abd S datasets\Categorised IOVNB Dataset\Vw (Driver E)\Vw05\V-Vw5.csv,Vehicle,1012,29,0
Synchronised V abd S datasets\Categorised IOVNB Dataset\Vw (Driver E)\Vw06\S-Vw6.csv,Smartphone,1281,24,0
Synchronised V abd S datasets\Categorised IOVNB Dataset\Vw (Driver E)\Vw06\V-Vw6.csv,Vehicle,1281,29,0
Synchronised V abd S datasets\Categorised IOVNB Dataset\Vw (Driver E)\Vw07\S-Vw7.csv,Smartphone,1602,24,0
Synchronised V abd S datasets\Categorised IOVNB Dataset\Vw (Driver E)\Vw07\V-Vw7.csv,Vehicle,1602,29,0
Synchronised V abd S datasets\Categorised IOVNB Dataset\Vw (Driver E)\Vw08\S-Vw8.csv,Smartphone,1529,24,0
Synchronised V abd S datasets\Categorised IOVNB Dataset\Vw (Driver E)\Vw08\V-Vw8.csv,Vehicle,1529,29,0
Synchronised V abd S datasets\Categorised IOVNB Dataset\Vw (Driver E)\Vw09\S-Vw9.csv,Smartphone,552,24,0
Synchronised V abd S datasets\Categorised IOVNB Dataset\Vw (Driver E)\Vw09\V-Vw9.csv,Vehicle,553,29,0
Synchronised V abd S datasets\Categorised IOVNB Dataset\Vw (Driver E)\Vw10\S-Vw10.csv,Smartphone,652,24,0
Synchronised V abd S datasets\Categorised IOVNB Dataset\Vw (Driver E)\Vw10\V-Vw10.csv,Vehicle,652,29,0
Synchronised V abd S datasets\Categorised IOVNB Dataset\Vw (Driver E)\Vw11\S-Vw11.csv,Smartphone,4909,24,0
Synchronised V abd S datasets\Categorised IOVNB Dataset\Vw (Driver E)\Vw11\V-Vw11.csv,Vehicle,4909,29,0
Synchronised V abd S datasets\Categorised IOVNB Dataset\Vw (Driver E)\Vw12\S-Vw12.csv,Smartphone,918,24,0
Synchronised V abd S datasets\Categorised IOVNB Dataset\Vw (Driver E)\Vw12\V-Vw12.csv,Vehicle,918,29,0
Synchronised V abd S datasets\Categorised IOVNB Dataset\Vw (Driver E)\Vw13\S-Vw13.csv,Smartphone,284,24,0
Synchronised V abd S datasets\Categorised IOVNB Dataset\Vw (Driver E)\Vw13\V-Vw13.csv,Vehicle,284,29,0
Synchronised V abd S datasets\Categorised IOVNB Dataset\Vw (Driver E)\Vw14a\S-Vw14a.csv,Smartphone,3138,24,0
Synchronised V abd S datasets\Categorised IOVNB Dataset\Vw (Driver E)\Vw14a\V-Vw14a.csv,Vehicle,3138,29,0
Synchronised V abd S datasets\Categorised IOVNB Dataset\Vw (Driver E)\Vw14b\S-Vw14b.csv,Smartphone,19588,24,0
Synchronised V abd S datasets\Categorised IOVNB Dataset\Vw (Driver E)\Vw14b\V-Vw14b.csv,Vehicle,19588,29,0
Synchronised V abd S datasets\Categorised IOVNB Dataset\Vw (Driver E)\Vw14c\S-Vw14c.csv,Smartphone,15826,24,0
Synchronised V abd S datasets\Categorised IOVNB Dataset\Vw (Driver E)\Vw14c\V-Vw14c.csv,Vehicle,15826,29,0
Synchronised V abd S datasets\Categorised IOVNB Dataset\Vw (Driver E)\Vw15\S-Vw15.csv,Smartphone,1380,24,0
Synchronised V abd S datasets\Categorised IOVNB Dataset\Vw (Driver E)\Vw15\V-Vw15.csv,Vehicle,1391,29,0
Synchronised V abd S datasets\Categorised IOVNB Dataset\Vw (Driver E)\Vw16a\S-Vw16a.csv,Smartphone,5879,24,0
Synchronised V abd S datasets\Categorised IOVNB Dataset\Vw (Driver E)\Vw16a\V-Vw16a.csv,Vehicle,5879,29,0
Synchronised V abd S datasets\Categorised IOVNB Dataset\Vw (Driver E)\Vw16b\S-Vw16b.csv,Smartphone,1126,24,0
Synchronised V abd S datasets\Categorised IOVNB Dataset\Vw (Driver E)\Vw16b\V-Vw16b.csv,Vehicle,1126,29,0
Synchronised V abd S datasets\Categorised IOVNB Dataset\Vw (Driver E)\Vw17\S-Vw17.csv,Smartphone,329,24,0
Synchronised V abd S datasets\Categorised IOVNB Dataset\Vw (Driver E)\Vw17\V-Vw17.csv,Vehicle,329,29,0
Synchronised V abd S datasets\Categorised IOVNB Dataset\Y (Driver D)\Y1\S-Y1.csv,Smartphone,70285,24,98
Synchronised V abd S datasets\Categorised IOVNB Dataset\Y (Driver D)\Y1\V-Y1.csv,Vehicle,70285,29,0
Synchronised V abd S datasets\Uncategorised IOVNB Dataset\S-Dataset\S-M.csv,Smartphone,105974,24,0
Synchronised V abd S datasets\Uncategorised IOVNB Dataset\S-Dataset\S-S1.csv,Smartphone,51746,24,0
Synchronised V abd S datasets\Uncategorised IOVNB Dataset\S-Dataset\S-S2.csv,Smartphone,93876,24,0
Synchronised V abd S datasets\Uncategorised IOVNB Dataset\S-Dataset\S-S3a.csv,Smartphone,24621,24,0
Synchronised V abd S datasets\Uncategorised IOVNB Dataset\S-Dataset\S-S3b.csv,Smartphone,6813,24,0
Synchronised V abd S datasets\Uncategorised IOVNB Dataset\S-Dataset\S-S3c.csv,Smartphone,37183,24,0
Synchronised V abd S datasets\Uncategorised IOVNB Dataset\S-Dataset\S-S4.csv,Smartphone,94600,24,0
Synchronised V abd S datasets\Uncategorised IOVNB Dataset\S-Dataset\S-Vfa01.csv,Smartphone,11486,24,0
Synchronised V abd S datasets\Uncategorised IOVNB Dataset\S-Dataset\S-Vfa02.csv,Smartphone,67523,24,0
Synchronised V abd S datasets\Uncategorised IOVNB Dataset\S-Dataset\S-Vta10.csv,Smartphone,1502,24,0
Synchronised V abd S datasets\Uncategorised IOVNB Dataset\S-Dataset\S-Vta11.csv,Smartphone,510,24,0
Synchronised V abd S datasets\Uncategorised IOVNB Dataset\S-Dataset\S-Vta12.csv,Smartphone,610,24,0
Synchronised V abd S datasets\Uncategorised IOVNB Dataset\S-Dataset\S-Vta13.csv,Smartphone,404,24,0
Synchronised V abd S datasets\Uncategorised IOVNB Dataset\S-Dataset\S-Vta14.csv,Smartphone,2885,24,0
Synchronised V abd S datasets\Uncategorised IOVNB Dataset\S-Dataset\S-Vta15.csv,Smartphone,833,24,0
Synchronised V abd S datasets\Uncategorised IOVNB Dataset\S-Dataset\S-Vta16.csv,Smartphone,11335,24,0
Synchronised V abd S datasets\Uncategorised IOVNB Dataset\S-Dataset\S-Vta17.csv,Smartphone,4519,24,0
Synchronised V abd S datasets\Uncategorised IOVNB Dataset\S-Dataset\S-Vta19.csv,Smartphone,292,24,0
Synchronised V abd S datasets\Uncategorised IOVNB Dataset\S-Dataset\S-Vta1a.csv,Smartphone,25676,24,0
Synchronised V abd S datasets\Uncategorised IOVNB Dataset\S-Dataset\S-Vta1b.csv,Smartphone,954,24,0
Synchronised V abd S datasets\Uncategorised IOVNB Dataset\S-Dataset\S-Vta2.csv,Smartphone,10991,24,0
Synchronised V abd S datasets\Uncategorised IOVNB Dataset\S-Dataset\S-Vta20.csv,Smartphone,3223,24,0
Synchronised V abd S datasets\Uncategorised IOVNB Dataset\S-Dataset\S-Vta21.csv,Smartphone,2079,24,0
Synchronised V abd S datasets\Uncategorised IOVNB Dataset\S-Dataset\S-Vta22.csv,Smartphone,1564,24,0
Synchronised V abd S datasets\Uncategorised IOVNB Dataset\S-Dataset\S-Vta23.csv,Smartphone,1110,24,0
Synchronised V abd S datasets\Uncategorised IOVNB Dataset\S-Dataset\S-Vta24.csv,Smartphone,1171,24,0
Synchronised V abd S datasets\Uncategorised IOVNB Dataset\S-Dataset\S-Vta25.csv,Smartphone,646,24,0
Synchronised V abd S datasets\Uncategorised IOVNB Dataset\S-Dataset\S-Vta26.csv,Smartphone,1935,24,0
Synchronised V abd S datasets\Uncategorised IOVNB Dataset\S-Dataset\S-Vta27.csv,Smartphone,2540,24,0
Synchronised V abd S datasets\Uncategorised IOVNB Dataset\S-Dataset\S-Vta28.csv,Smartphone,4210,24,0
Synchronised V abd S datasets\Uncategorised IOVNB Dataset\S-Dataset\S-Vta29.csv,Smartphone,23705,24,0
Synchronised V abd S datasets\Uncategorised IOVNB Dataset\S-Dataset\S-Vta3.csv,Smartphone,645,24,0
Synchronised V abd S datasets\Uncategorised IOVNB Dataset\S-Dataset\S-Vta30.csv,Smartphone,17136,24,0
Synchronised V abd S datasets\Uncategorised IOVNB Dataset\S-Dataset\S-Vta4.csv,Smartphone,1789,24,0
Synchronised V abd S datasets\Uncategorised IOVNB Dataset\S-Dataset\S-Vta5.csv,Smartphone,307,24,0
Synchronised V abd S datasets\Uncategorised IOVNB Dataset\S-Dataset\S-Vta6.csv,Smartphone,1376,24,0
Synchronised V abd S datasets\Uncategorised IOVNB Dataset\S-Dataset\S-Vta7.csv,Smartphone,840,24,0
Synchronised V abd S datasets\Uncategorised IOVNB Dataset\S-Dataset\S-Vta8.csv,Smartphone,3676,24,0
Synchronised V abd S datasets\Uncategorised IOVNB Dataset\S-Dataset\S-Vta9.csv,Smartphone,156,24,0
Synchronised V abd S datasets\Uncategorised IOVNB Dataset\S-Dataset\S-Vtb1.csv,Smartphone,32459,24,0
Synchronised V abd S datasets\Uncategorised IOVNB Dataset\S-Dataset\S-Vtb10.csv,Smartphone,196,24,0
Synchronised V abd S datasets\Uncategorised IOVNB Dataset\S-Dataset\S-Vtb11.csv,Smartphone,361,24,0
Synchronised V abd S datasets\Uncategorised IOVNB Dataset\S-Dataset\S-Vtb12.csv,Smartphone,447,24,0
Synchronised V abd S datasets\Uncategorised IOVNB Dataset\S-Dataset\S-Vtb2.csv,Smartphone,5712,24,0
Synchronised V abd S datasets\Uncategorised IOVNB Dataset\S-Dataset\S-Vtb3.csv,Smartphone,8240,24,0
Synchronised V abd S datasets\Uncategorised IOVNB Dataset\S-Dataset\S-Vtb4.csv,Smartphone,556,24,0
Synchronised V abd S datasets\Uncategorised IOVNB Dataset\S-Dataset\S-Vtb5.csv,Smartphone,64388,24,0
Synchronised V abd S datasets\Uncategorised IOVNB Dataset\S-Dataset\S-Vtb6.csv,Smartphone,498,24,0
Synchronised V abd S datasets\Uncategorised IOVNB Dataset\S-Dataset\S-Vtb7.csv,Smartphone,461,24,0
Synchronised V abd S datasets\Uncategorised IOVNB Dataset\S-Dataset\S-Vtb8.csv,Smartphone,668,24,0
Synchronised V abd S datasets\Uncategorised IOVNB Dataset\S-Dataset\S-Vtb9.csv,Smartphone,452,24,0
Synchronised V abd S datasets\Uncategorised IOVNB Dataset\S-Dataset\S-Vw1.csv,Smartphone,20476,24,0
Synchronised V abd S datasets\Uncategorised IOVNB Dataset\S-Dataset\S-Vw10.csv,Smartphone,652,24,0
Synchronised V abd S datasets\Uncategorised IOVNB Dataset\S-Dataset\S-Vw11.csv,Smartphone,4909,24,0
Synchronised V abd S datasets\Uncategorised IOVNB Dataset\S-Dataset\S-Vw12.csv,Smartphone,918,24,0
Synchronised V abd S datasets\Uncategorised IOVNB Dataset\S-Dataset\S-Vw13.csv,Smartphone,284,24,0
Synchronised V abd S datasets\Uncategorised IOVNB Dataset\S-Dataset\S-Vw14a.csv,Smartphone,3138,24,0
Synchronised V abd S datasets\Uncategorised IOVNB Dataset\S-Dataset\S-Vw14b.csv,Smartphone,19588,24,0
Synchronised V abd S datasets\Uncategorised IOVNB Dataset\S-Dataset\S-Vw14c.csv,Smartphone,15826,24,0
Synchronised V abd S datasets\Uncategorised IOVNB Dataset\S-Dataset\S-Vw15.csv,Smartphone,1380,24,0
Synchronised V abd S datasets\Uncategorised IOVNB Dataset\S-Dataset\S-Vw16a.csv,Smartphone,5879,24,0
Synchronised V abd S datasets\Uncategorised IOVNB Dataset\S-Dataset\S-Vw16b.csv,Smartphone,1126,24,0
Synchronised V abd S datasets\Uncategorised IOVNB Dataset\S-Dataset\S-Vw17.csv,Smartphone,329,24,0
Synchronised V abd S datasets\Uncategorised IOVNB Dataset\S-Dataset\S-Vw2.csv,Smartphone,52713,24,0
Synchronised V abd S datasets\Uncategorised IOVNB Dataset\S-Dataset\S-Vw3.csv,Smartphone,3861,24,0
Synchronised V abd S datasets\Uncategorised IOVNB Dataset\S-Dataset\S-Vw4.csv,Smartphone,126526,24,0
Synchronised V abd S datasets\Uncategorised IOVNB Dataset\S-Dataset\S-Vw5.csv,Smartphone,1012,24,0
Synchronised V abd S datasets\Uncategorised IOVNB Dataset\S-Dataset\S-Vw6.csv,Smartphone,1281,24,0
Synchronised V abd S datasets\Uncategorised IOVNB Dataset\S-Dataset\S-Vw7.csv,Smartphone,1602,24,0
Synchronised V abd S datasets\Uncategorised IOVNB Dataset\S-Dataset\S-Vw8.csv,Smartphone,1529,24,0
Synchronised V abd S datasets\Uncategorised IOVNB Dataset\S-Dataset\S-Vw9.csv,Smartphone,552,24,0
Synchronised V abd S datasets\Uncategorised IOVNB Dataset\S-Dataset\S-Y1.csv,Smartphone,70285,24,98
Synchronised V abd S datasets\Uncategorised IOVNB Dataset\V-Dataset\V-M.csv,Vehicle,105974,29,0
Synchronised V abd S datasets\Uncategorised IOVNB Dataset\V-Dataset\V-S1.csv,Vehicle,51746,29,0
Synchronised V abd S datasets\Uncategorised IOVNB Dataset\V-Dataset\V-S2.csv,Vehicle,93876,29,0
Synchronised V abd S datasets\Uncategorised IOVNB Dataset\V-Dataset\V-S3a.csv,Vehicle,24621,29,0
Synchronised V abd S datasets\Uncategorised IOVNB Dataset\V-Dataset\V-S3b.csv,Vehicle,6813,29,0
Synchronised V abd S datasets\Uncategorised IOVNB Dataset\V-Dataset\V-S3c.csv,Vehicle,37183,29,0
Synchronised V abd S datasets\Uncategorised IOVNB Dataset\V-Dataset\V-S4.csv,Vehicle,94600,29,0
Synchronised V abd S datasets\Uncategorised IOVNB Dataset\V-Dataset\V-Vfa01.csv,Vehicle,11535,29,0
Synchronised V abd S datasets\Uncategorised IOVNB Dataset\V-Dataset\V-Vfa02.csv,Vehicle,67755,29,0
Synchronised V abd S datasets\Uncategorised IOVNB Dataset\V-Dataset\V-vta10.csv,Vehicle,1502,29,0
Synchronised V abd S datasets\Uncategorised IOVNB Dataset\V-Dataset\V-vta11.csv,Vehicle,510,29,0
Synchronised V abd S datasets\Uncategorised IOVNB Dataset\V-Dataset\V-vta12.csv,Vehicle,610,29,0
Synchronised V abd S datasets\Uncategorised IOVNB Dataset\V-Dataset\V-vta13.csv,Vehicle,404,29,0
Synchronised V abd S datasets\Uncategorised IOVNB Dataset\V-Dataset\V-vta14.csv,Vehicle,2885,29,0
Synchronised V abd S datasets\Uncategorised IOVNB Dataset\V-Dataset\V-vta15.csv,Vehicle,833,29,0
Synchronised V abd S datasets\Uncategorised IOVNB Dataset\V-Dataset\V-vta16.csv,Vehicle,11335,29,0
Synchronised V abd S datasets\Uncategorised IOVNB Dataset\V-Dataset\V-vta17.csv,Vehicle,4519,29,0
Synchronised V abd S datasets\Uncategorised IOVNB Dataset\V-Dataset\V-vta19.csv,Vehicle,292,29,0
Synchronised V abd S datasets\Uncategorised IOVNB Dataset\V-Dataset\V-Vta1a.csv,Vehicle,25676,29,0
Synchronised V abd S datasets\Uncategorised IOVNB Dataset\V-Dataset\V-Vta1b.csv,Vehicle,953,29,0
Synchronised V abd S datasets\Uncategorised IOVNB Dataset\V-Dataset\V-vta2.csv,Vehicle,10991,29,0
Synchronised V abd S datasets\Uncategorised IOVNB Dataset\V-Dataset\V-vta20.csv,Vehicle,3223,29,0
Synchronised V abd S datasets\Uncategorised IOVNB Dataset\V-Dataset\V-vta21.csv,Vehicle,2079,29,0
Synchronised V abd S datasets\Uncategorised IOVNB Dataset\V-Dataset\V-vta22.csv,Vehicle,1564,29,0
Synchronised V abd S datasets\Uncategorised IOVNB Dataset\V-Dataset\V-vta23.csv,Vehicle,1110,29,0
Synchronised V abd S datasets\Uncategorised IOVNB Dataset\V-Dataset\V-vta24.csv,Vehicle,1171,29,0
Synchronised V abd S datasets\Uncategorised IOVNB Dataset\V-Dataset\V-vta25.csv,Vehicle,646,29,0
Synchronised V abd S datasets\Uncategorised IOVNB Dataset\V-Dataset\V-vta26.csv,Vehicle,1935,29,0
Synchronised V abd S datasets\Uncategorised IOVNB Dataset\V-Dataset\V-vta27.csv,Vehicle,2540,29,0
Synchronised V abd S datasets\Uncategorised IOVNB Dataset\V-Dataset\V-vta28.csv,Vehicle,4210,29,0
Synchronised V abd S datasets\Uncategorised IOVNB Dataset\V-Dataset\V-vta29.csv,Vehicle,23705,29,0
Synchronised V abd S datasets\Uncategorised IOVNB Dataset\V-Dataset\V-vta3.csv,Vehicle,645,29,0
Synchronised V abd S datasets\Uncategorised IOVNB Dataset\V-Dataset\V-vta30.csv,Vehicle,17136,29,0
Synchronised V abd S datasets\Uncategorised IOVNB Dataset\V-Dataset\V-vta4.csv,Vehicle,1789,29,0
Synchronised V abd S datasets\Uncategorised IOVNB Dataset\V-Dataset\V-vta5.csv,Vehicle,307,29,0
Synchronised V abd S datasets\Uncategorised IOVNB Dataset\V-Dataset\V-vta6.csv,Vehicle,1376,29,0
Synchronised V abd S datasets\Uncategorised IOVNB Dataset\V-Dataset\V-vta7.csv,Vehicle,840,29,0
Synchronised V abd S datasets\Uncategorised IOVNB Dataset\V-Dataset\V-vta8.csv,Vehicle,3676,29,0
Synchronised V abd S datasets\Uncategorised IOVNB Dataset\V-Dataset\V-vta9.csv,Vehicle,156,29,0
Synchronised V abd S datasets\Uncategorised IOVNB Dataset\V-Dataset\V-vtb1.csv,Vehicle,32459,29,0
Synchronised V abd S datasets\Uncategorised IOVNB Dataset\V-Dataset\V-vtb10.csv,Vehicle,195,29,0
Synchronised V abd S datasets\Uncategorised IOVNB Dataset\V-Dataset\V-vtb11.csv,Vehicle,361,29,0
Synchronised V abd S datasets\Uncategorised IOVNB Dataset\V-Dataset\V-vtb12.csv,Vehicle,447,29,0
Synchronised V abd S datasets\Uncategorised IOVNB Dataset\V-Dataset\V-vtb2.csv,Vehicle,5712,29,0
Synchronised V abd S datasets\Uncategorised IOVNB Dataset\V-Dataset\V-vtb3.csv,Vehicle,8240,29,0
Synchronised V abd S datasets\Uncategorised IOVNB Dataset\V-Dataset\V-vtb4.csv,Vehicle,556,29,0
Synchronised V abd S datasets\Uncategorised IOVNB Dataset\V-Dataset\V-vtb5.csv,Vehicle,64388,29,0
Synchronised V abd S datasets\Uncategorised IOVNB Dataset\V-Dataset\V-vtb6.csv,Vehicle,498,29,0
Synchronised V abd S datasets\Uncategorised IOVNB Dataset\V-Dataset\V-vtb7.csv,Vehicle,461,29,0
Synchronised V abd S datasets\Uncategorised IOVNB Dataset\V-Dataset\V-vtb8.csv,Vehicle,668,29,0
Synchronised V abd S datasets\Uncategorised IOVNB Dataset\V-Dataset\V-vtb9.csv,Vehicle,452,29,0
Synchronised V abd S datasets\Uncategorised IOVNB Dataset\V-Dataset\V-Vw1.csv,Vehicle,20475,29,0
Synchronised V abd S datasets\Uncategorised IOVNB Dataset\V-Dataset\V-Vw10.csv,Vehicle,652,29,0
Synchronised V abd S datasets\Uncategorised IOVNB Dataset\V-Dataset\V-Vw11.csv,Vehicle,4909,29,0
Synchronised V abd S datasets\Uncategorised IOVNB Dataset\V-Dataset\V-Vw12.csv,Vehicle,918,29,0
Synchronised V abd S datasets\Uncategorised IOVNB Dataset\V-Dataset\V-Vw13.csv,Vehicle,284,29,0
Synchronised V abd S datasets\Uncategorised IOVNB Dataset\V-Dataset\V-Vw14a.csv,Vehicle,3138,29,0
Synchronised V abd S datasets\Uncategorised IOVNB Dataset\V-Dataset\V-Vw14b.csv,Vehicle,19588,29,0
Synchronised V abd S datasets\Uncategorised IOVNB Dataset\V-Dataset\V-Vw14c.csv,Vehicle,15826,29,0
Synchronised V abd S datasets\Uncategorised IOVNB Dataset\V-Dataset\V-Vw15.csv,Vehicle,1391,29,0
Synchronised V abd S datasets\Uncategorised IOVNB Dataset\V-Dataset\V-Vw16a.csv,Vehicle,5879,29,0
Synchronised V abd S datasets\Uncategorised IOVNB Dataset\V-Dataset\V-Vw16b.csv,Vehicle,1126,29,0
Synchronised V abd S datasets\Uncategorised IOVNB Dataset\V-Dataset\V-Vw17.csv,Vehicle,329,29,0
Synchronised V abd S datasets\Uncategorised IOVNB Dataset\V-Dataset\V-Vw2.csv,Vehicle,52712,29,0
Synchronised V abd S datasets\Uncategorised IOVNB Dataset\V-Dataset\V-Vw3.csv,Vehicle,3861,29,0
Synchronised V abd S datasets\Uncategorised IOVNB Dataset\V-Dataset\V-Vw4.csv,Vehicle,126527,29,0
Synchronised V abd S datasets\Uncategorised IOVNB Dataset\V-Dataset\V-Vw5.csv,Vehicle,1012,29,0
Synchronised V abd S datasets\Uncategorised IOVNB Dataset\V-Dataset\V-Vw6.csv,Vehicle,1281,29,0
Synchronised V abd S datasets\Uncategorised IOVNB Dataset\V-Dataset\V-Vw7.csv,Vehicle,1602,29,0
Synchronised V abd S datasets\Uncategorised IOVNB Dataset\V-Dataset\V-Vw8.csv,Vehicle,1529,29,0
Synchronised V abd S datasets\Uncategorised IOVNB Dataset\V-Dataset\V-Vw9.csv,Vehicle,553,29,0
Synchronised V abd S datasets\Uncategorised IOVNB Dataset\V-Dataset\V-Y1.csv,Vehicle,70285,29,0
Unsynchronised V and S Dataset\Categorised IOVNB (V) Dataset\V Dataset\M (Driver B)\V-M.csv,Vehicle,105995,29,0
Unsynchronised V and S Dataset\Categorised IOVNB (V) Dataset\V Dataset\S (Driver A)\S1\V-S1.csv,Vehicle,51790,29,0
Unsynchronised V and S Dataset\Categorised IOVNB (V) Dataset\V Dataset\S (Driver A)\S2\V-S2.csv,Vehicle,93900,29,0
Unsynchronised V and S Dataset\Categorised IOVNB (V) Dataset\V Dataset\S (Driver A)\S3a\V-S3a.csv,Vehicle,24660,29,0
Unsynchronised V and S Dataset\Categorised IOVNB (V) Dataset\V Dataset\S (Driver A)\S3b\V-S3b.csv,Vehicle,6840,29,0
Unsynchronised V and S Dataset\Categorised IOVNB (V) Dataset\V Dataset\S (Driver A)\S3c\V-S3c.csv,Vehicle,37220,29,0
Unsynchronised V and S Dataset\Categorised IOVNB (V) Dataset\V Dataset\S (Driver A)\S4\V-S4.csv,Vehicle,97824,29,0
Unsynchronised V and S Dataset\Categorised IOVNB (V) Dataset\V Dataset\St (Driver C)\St1\V-St1.csv,Vehicle,57213,29,0
Unsynchronised V and S Dataset\Categorised IOVNB (V) Dataset\V Dataset\St (Driver C)\St4\V-St4.csv,Vehicle,13591,29,0
Unsynchronised V and S Dataset\Categorised IOVNB (V) Dataset\V Dataset\St (Driver C)\St6\V-St6.csv,Vehicle,51360,29,0
Unsynchronised V and S Dataset\Categorised IOVNB (V) Dataset\V Dataset\St (Driver C)\St7\V-St7.csv,Vehicle,44427,29,0
Unsynchronised V and S Dataset\Categorised IOVNB (V) Dataset\V Dataset\Vf (Driver E)\V-Vfa01\V-Vfa01.csv,Vehicle,11535,29,0
Unsynchronised V and S Dataset\Categorised IOVNB (V) Dataset\V Dataset\Vf (Driver E)\V-Vfa02\V-Vfa02.csv,Vehicle,67755,29,0
Unsynchronised V and S Dataset\Categorised IOVNB (V) Dataset\V Dataset\Vf (Driver E)\V-Vfb01a\V-Vfb01a.csv,Vehicle,17000,29,0
Unsynchronised V and S Dataset\Categorised IOVNB (V) Dataset\V Dataset\Vf (Driver E)\V-Vfb01b\V-Vfb01b.csv,Vehicle,3880,29,0
Unsynchronised V and S Dataset\Categorised IOVNB (V) Dataset\V Dataset\Vf (Driver E)\V-Vfb01c\V-Vfb01c.csv,Vehicle,6320,29,0
Unsynchronised V and S Dataset\Categorised IOVNB (V) Dataset\V Dataset\Vf (Driver E)\V-Vfb01d\V-Vfb01d.csv,Vehicle,10713,29,0
Unsynchronised V and S Dataset\Categorised IOVNB (V) Dataset\V Dataset\Vf (Driver E)\V-Vfb02a\V-Vfb02a.csv,Vehicle,35960,29,0
Unsynchronised V and S Dataset\Categorised IOVNB (V) Dataset\V Dataset\Vf (Driver E)\V-Vfb02b\V-Vfb02b.csv,Vehicle,11000,29,0
Unsynchronised V and S Dataset\Categorised IOVNB (V) Dataset\V Dataset\Vf (Driver E)\V-Vfb02c\V-Vfb02c.csv,Vehicle,640,29,0
Unsynchronised V and S Dataset\Categorised IOVNB (V) Dataset\V Dataset\Vf (Driver E)\V-Vfb02d\V-Vfb02d.csv,Vehicle,880,29,0
Unsynchronised V and S Dataset\Categorised IOVNB (V) Dataset\V Dataset\Vf (Driver E)\V-Vfb02e\V-Vfb02e.csv,Vehicle,980,29,0
Unsynchronised V and S Dataset\Categorised IOVNB (V) Dataset\V Dataset\Vf (Driver E)\V-Vfb02f\V-Vfb02f.csv,Vehicle,660,29,0
Unsynchronised V and S Dataset\Categorised IOVNB (V) Dataset\V Dataset\Vf (Driver E)\V-Vfb02g\V-Vfb02g.csv,Vehicle,27159,29,0
Unsynchronised V and S Dataset\Categorised IOVNB (V) Dataset\V Dataset\Vta (Driver E)\Vta01a\V-Vta1a.csv,Vehicle,25821,29,0
Unsynchronised V and S Dataset\Categorised IOVNB (V) Dataset\V Dataset\Vta (Driver E)\Vta01b\V-Vta1b.csv,Vehicle,956,29,0
Unsynchronised V and S Dataset\Categorised IOVNB (V) Dataset\V Dataset\Vta (Driver E)\Vta02\V-Vta2.csv,Vehicle,10995,29,0
Unsynchronised V and S Dataset\Categorised IOVNB (V) Dataset\V Dataset\Vta (Driver E)\Vta03\V-Vta3.csv,Vehicle,875,29,0
Unsynchronised V and S Dataset\Categorised IOVNB (V) Dataset\V Dataset\Vta (Driver E)\Vta04\V-Vta4.csv,Vehicle,1809,29,0
Unsynchronised V and S Dataset\Categorised IOVNB (V) Dataset\V Dataset\Vta (Driver E)\Vta05\V-Vta5.csv,Vehicle,357,29,0
Unsynchronised V and S Dataset\Categorised IOVNB (V) Dataset\V Dataset\Vta (Driver E)\Vta06\V-Vta6.csv,Vehicle,1393,29,0
Unsynchronised V and S Dataset\Categorised IOVNB (V) Dataset\V Dataset\Vta (Driver E)\Vta07\V-Vta7.csv,Vehicle,857,29,0
Unsynchronised V and S Dataset\Categorised IOVNB (V) Dataset\V Dataset\Vta (Driver E)\Vta08\V-Vta8.csv,Vehicle,3697,29,0
Unsynchronised V and S Dataset\Categorised IOVNB (V) Dataset\V Dataset\Vta (Driver E)\Vta09\V-Vta9.csv,Vehicle,226,29,0
Unsynchronised V and S Dataset\Categorised IOVNB (V) Dataset\V Dataset\Vta (Driver E)\Vta10\V-Vta10.csv,Vehicle,1570,29,0
Unsynchronised V and S Dataset\Categorised IOVNB (V) Dataset\V Dataset\Vta (Driver E)\Vta11\V-Vta11.csv,Vehicle,589,29,0
Unsynchronised V and S Dataset\Categorised IOVNB (V) Dataset\V Dataset\Vta (Driver E)\Vta12\V-Vta12.csv,Vehicle,690,29,0
Unsynchronised V and S Dataset\Categorised IOVNB (V) Dataset\V Dataset\Vta (Driver E)\Vta13\V-Vta13.csv,Vehicle,473,29,0
Unsynchronised V and S Dataset\Categorised IOVNB (V) Dataset\V Dataset\Vta (Driver E)\Vta14\V-Vta14.csv,Vehicle,2893,29,0
Unsynchronised V and S Dataset\Categorised IOVNB (V) Dataset\V Dataset\Vta (Driver E)\Vta15\V-Vta15.csv,Vehicle,869,29,0
Unsynchronised V and S Dataset\Categorised IOVNB (V) Dataset\V Dataset\Vta (Driver E)\Vta16\V-Vta16.csv,Vehicle,11361,29,0
Unsynchronised V and S Dataset\Categorised IOVNB (V) Dataset\V Dataset\Vta (Driver E)\Vta17\V-Vta17.csv,Vehicle,4594,29,0
Unsynchronised V and S Dataset\Categorised IOVNB (V) Dataset\V Dataset\Vta (Driver E)\Vta19\V-Vta19.csv,Vehicle,310,29,0
Unsynchronised V and S Dataset\Categorised IOVNB (V) Dataset\V Dataset\Vta (Driver E)\Vta20\V-Vta20.csv,Vehicle,3223,29,0
Unsynchronised V and S Dataset\Categorised IOVNB (V) Dataset\V Dataset\Vta (Driver E)\Vta21\V-Vta21.csv,Vehicle,2088,29,0
Unsynchronised V and S Dataset\Categorised IOVNB (V) Dataset\V Dataset\Vta (Driver E)\Vta22\V-Vta22.csv,Vehicle,1572,29,0
Unsynchronised V and S Dataset\Categorised IOVNB (V) Dataset\V Dataset\Vta (Driver E)\Vta23\V-Vta23.csv,Vehicle,1119,29,0
Unsynchronised V and S Dataset\Categorised IOVNB (V) Dataset\V Dataset\Vta (Driver E)\Vta24\V-Vta24.csv,Vehicle,1184,29,0
Unsynchronised V and S Dataset\Categorised IOVNB (V) Dataset\V Dataset\Vta (Driver E)\Vta25\V-Vta25.csv,Vehicle,646,29,0
Unsynchronised V and S Dataset\Categorised IOVNB (V) Dataset\V Dataset\Vta (Driver E)\Vta26\V-Vta26.csv,Vehicle,1947,29,0
Unsynchronised V and S Dataset\Categorised IOVNB (V) Dataset\V Dataset\Vta (Driver E)\Vta27\V-Vta27.csv,Vehicle,2853,29,0
Unsynchronised V and S Dataset\Categorised IOVNB (V) Dataset\V Dataset\Vta (Driver E)\Vta28\V-Vta28.csv,Vehicle,4219,29,0
Unsynchronised V and S Dataset\Categorised IOVNB (V) Dataset\V Dataset\Vta (Driver E)\Vta29\V-Vta29.csv,Vehicle,23737,29,0
Unsynchronised V and S Dataset\Categorised IOVNB (V) Dataset\V Dataset\Vta (Driver E)\Vta30\V-Vta30.csv,Vehicle,17179,29,0
Unsynchronised V and S Dataset\Categorised IOVNB (V) Dataset\V Dataset\Vtb (Driver E)\Vtb01\V-Vtb1.csv,Vehicle,32459,29,0
Unsynchronised V and S Dataset\Categorised IOVNB (V) Dataset\V Dataset\Vtb (Driver E)\Vtb02\V-Vtb2.csv,Vehicle,5712,29,0
Unsynchronised V and S Dataset\Categorised IOVNB (V) Dataset\V Dataset\Vtb (Driver E)\Vtb03\V-Vtb3.csv,Vehicle,8289,29,0
Unsynchronised V and S Dataset\Categorised IOVNB (V) Dataset\V Dataset\Vtb (Driver E)\Vtb04\V-Vtb4.csv,Vehicle,625,29,0
Unsynchronised V and S Dataset\Categorised IOVNB (V) Dataset\V Dataset\Vtb (Driver E)\Vtb05\V-Vtb5.csv,Vehicle,64610,29,0
Unsynchronised V and S Dataset\Categorised IOVNB (V) Dataset\V Dataset\Vtb (Driver E)\Vtb06\V-Vtb6.csv,Vehicle,508,29,0
Unsynchronised V and S Dataset\Categorised IOVNB (V) Dataset\V Dataset\Vtb (Driver E)\Vtb07\V-Vtb7.csv,Vehicle,461,29,0
Unsynchronised V and S Dataset\Categorised IOVNB (V) Dataset\V Dataset\Vtb (Driver E)\Vtb08\V-Vtb8.csv,Vehicle,699,29,0
Unsynchronised V and S Dataset\Categorised IOVNB (V) Dataset\V Dataset\Vtb (Driver E)\Vtb09\V-Vtb9.csv,Vehicle,457,29,0
Unsynchronised V and S Dataset\Categorised IOVNB (V) Dataset\V Dataset\Vtb (Driver E)\Vtb10\V-Vtb10.csv,Vehicle,195,29,0
Unsynchronised V and S Dataset\Categorised IOVNB (V) Dataset\V Dataset\Vtb (Driver E)\Vtb11\V-Vtb11.csv,Vehicle,433,29,0
Unsynchronised V and S Dataset\Categorised IOVNB (V) Dataset\V Dataset\Vtb (Driver E)\Vtb12\V-Vtb12.csv,Vehicle,490,29,0
Unsynchronised V and S Dataset\Categorised IOVNB (V) Dataset\V Dataset\Vtb (Driver E)\Vtb13\V-Vtb13.csv,Vehicle,1245,29,0
Unsynchronised V and S Dataset\Categorised IOVNB (V) Dataset\V Dataset\Vw (Driver E)\Vw01\V-Vw1.csv,Vehicle,20475,29,0
Unsynchronised V and S Dataset\Categorised IOVNB (V) Dataset\V Dataset\Vw (Driver E)\Vw02\V-Vw2.csv,Vehicle,52712,29,0
Unsynchronised V and S Dataset\Categorised IOVNB (V) Dataset\V Dataset\Vw (Driver E)\Vw03\V-Vw3.csv,Vehicle,3941,29,0
Unsynchronised V and S Dataset\Categorised IOVNB (V) Dataset\V Dataset\Vw (Driver E)\Vw04\V-Vw4.csv,Vehicle,126573,29,0
Unsynchronised V and S Dataset\Categorised IOVNB (V) Dataset\V Dataset\Vw (Driver E)\Vw05\V-Vw5.csv,Vehicle,1050,29,0
Unsynchronised V and S Dataset\Categorised IOVNB (V) Dataset\V Dataset\Vw (Driver E)\Vw06\V-Vw6.csv,Vehicle,1288,29,0
Unsynchronised V and S Dataset\Categorised IOVNB (V) Dataset\V Dataset\Vw (Driver E)\Vw07\V-Vw7.csv,Vehicle,1689,29,0
Unsynchronised V and S Dataset\Categorised IOVNB (V) Dataset\V Dataset\Vw (Driver E)\Vw08\V-Vw8.csv,Vehicle,1599,29,0
Unsynchronised V and S Dataset\Categorised IOVNB (V) Dataset\V Dataset\Vw (Driver E)\Vw09\V-Vw9.csv,Vehicle,601,29,0
Unsynchronised V and S Dataset\Categorised IOVNB (V) Dataset\V Dataset\Vw (Driver E)\Vw10\V-Vw10.csv,Vehicle,670,29,0
Unsynchronised V and S Dataset\Categorised IOVNB (V) Dataset\V Dataset\Vw (Driver E)\Vw11\V-Vw10.csv,Vehicle,670,29,0
Unsynchronised V and S Dataset\Categorised IOVNB (V) Dataset\V Dataset\Vw (Driver E)\Vw12\V-Vw12.csv,Vehicle,1069,29,0
Unsynchronised V and S Dataset\Categorised IOVNB (V) Dataset\V Dataset\Vw (Driver E)\Vw13\V-Vw13.csv,Vehicle,297,29,0
Unsynchronised V and S Dataset\Categorised IOVNB (V) Dataset\V Dataset\Vw (Driver E)\Vw14a\V-Vw14a.csv,Vehicle,3140,29,0
Unsynchronised V and S Dataset\Categorised IOVNB (V) Dataset\V Dataset\Vw (Driver E)\Vw14b\V-Vw14b.csv,Vehicle,19600,29,0
Unsynchronised V and S Dataset\Categorised IOVNB (V) Dataset\V Dataset\Vw (Driver E)\Vw14c\V-Vw14c.csv,Vehicle,15857,29,0
Unsynchronised V and S Dataset\Categorised IOVNB (V) Dataset\V Dataset\Vw (Driver E)\Vw15\V-Vw15.csv,Vehicle,1391,29,0
Unsynchronised V and S Dataset\Categorised IOVNB (V) Dataset\V Dataset\Vw (Driver E)\Vw16a\V-Vw16a.csv,Vehicle,6000,29,0
Unsynchronised V and S Dataset\Categorised IOVNB (V) Dataset\V Dataset\Vw (Driver E)\Vw16b\V-Vw16b.csv,Vehicle,1171,29,0
Unsynchronised V and S Dataset\Categorised IOVNB (V) Dataset\V Dataset\Vw (Driver E)\Vw17\V-Vw17.csv,Vehicle,329,29,0
Unsynchronised V and S Dataset\Categorised IOVNB (V) Dataset\V Dataset\Y (Driver D)\Y1\V-Y1.csv,Vehicle,70341,29,0
Unsynchronised V and S Dataset\Categorised IOVNB (V) Dataset\V Dataset\Y (Driver D)\Y2\V-Y2.csv,Vehicle,57213,29,0
Unsynchronised V and S Dataset\Uncategorised IOVNB (V and S) Dataset\S-Dataset\S-A1.csv,Smartphone,5942,24,0
Unsynchronised V and S Dataset\Uncategorised IOVNB (V and S) Dataset\S-Dataset\S-A10.csv,Smartphone,8886,24,0
Unsynchronised V and S Dataset\Uncategorised IOVNB (V and S) Dataset\S-Dataset\S-A11.csv,Smartphone,5155,24,0
Unsynchronised V and S Dataset\Uncategorised IOVNB (V and S) Dataset\S-Dataset\S-A12.csv,Smartphone,4673,24,0
Unsynchronised V and S Dataset\Uncategorised IOVNB (V and S) Dataset\S-Dataset\S-A13.csv,Smartphone,9184,24,0
Unsynchronised V and S Dataset\Uncategorised IOVNB (V and S) Dataset\S-Dataset\S-A2.csv,Smartphone,11630,24,0
Unsynchronised V and S Dataset\Uncategorised IOVNB (V and S) Dataset\S-Dataset\S-A3.csv,Smartphone,11132,24,0
Unsynchronised V and S Dataset\Uncategorised IOVNB (V and S) Dataset\S-Dataset\S-A4.csv,Smartphone,32829,25,32829
Unsynchronised V and S Dataset\Uncategorised IOVNB (V and S) Dataset\S-Dataset\S-A5.csv,Smartphone,85041,24,700
Unsynchronised V and S Dataset\Uncategorised IOVNB (V and S) Dataset\S-Dataset\S-A6.csv,Smartphone,86034,24,1820
Unsynchronised V and S Dataset\Uncategorised IOVNB (V and S) Dataset\S-Dataset\S-A7.csv,Smartphone,43872,24,0
Unsynchronised V and S Dataset\Uncategorised IOVNB (V and S) Dataset\S-Dataset\S-A8.csv,Smartphone,66617,24,0
Unsynchronised V and S Dataset\Uncategorised IOVNB (V and S) Dataset\S-Dataset\S-A9.csv,Smartphone,11962,24,0
Unsynchronised V and S Dataset\Uncategorised IOVNB (V and S) Dataset\S-Dataset\S-I.csv,Smartphone,5800,24,0
Unsynchronised V and S Dataset\Uncategorised IOVNB (V and S) Dataset\S-Dataset\S-M.csv,Smartphone,105974,24,0
Unsynchronised V and S Dataset\Uncategorised IOVNB (V and S) Dataset\S-Dataset\S-S1.csv,Smartphone,51746,24,0
Unsynchronised V and S Dataset\Uncategorised IOVNB (V and S) Dataset\S-Dataset\S-S2.csv,Smartphone,93876,24,0
Unsynchronised V and S Dataset\Uncategorised IOVNB (V and S) Dataset\S-Dataset\S-S3a.csv,Smartphone,24621,24,0
Unsynchronised V and S Dataset\Uncategorised IOVNB (V and S) Dataset\S-Dataset\S-S3b.csv,Smartphone,6813,24,0
Unsynchronised V and S Dataset\Uncategorised IOVNB (V and S) Dataset\S-Dataset\S-S3c.csv,Smartphone,37183,24,0
Unsynchronised V and S Dataset\Uncategorised IOVNB (V and S) Dataset\S-Dataset\S-S4.csv,Smartphone,94600,24,0
Unsynchronised V and S Dataset\Uncategorised IOVNB (V and S) Dataset\S-Dataset\S-T1.csv,Smartphone,25759,18,0
Unsynchronised V and S Dataset\Uncategorised IOVNB (V and S) Dataset\S-Dataset\S-T10.csv,Smartphone,6699,24,0
Unsynchronised V and S Dataset\Uncategorised IOVNB (V and S) Dataset\S-Dataset\S-T11.csv,Smartphone,5690,24,0
Unsynchronised V and S Dataset\Uncategorised IOVNB (V and S) Dataset\S-Dataset\S-T2.csv,Smartphone,75555,18,0
Unsynchronised V and S Dataset\Uncategorised IOVNB (V and S) Dataset\S-Dataset\S-T3.csv,Smartphone,65859,18,0
Unsynchronised V and S Dataset\Uncategorised IOVNB (V and S) Dataset\S-Dataset\S-T4.csv,Smartphone,73482,18,0
Unsynchronised V and S Dataset\Uncategorised IOVNB (V and S) Dataset\S-Dataset\S-T5.csv,Smartphone,46387,18,0
Unsynchronised V and S Dataset\Uncategorised IOVNB (V and S) Dataset\S-Dataset\S-T6.csv,Smartphone,86440,18,0
Unsynchronised V and S Dataset\Uncategorised IOVNB (V and S) Dataset\S-Dataset\S-T7.csv,Smartphone,101690,18,0
Unsynchronised V and S Dataset\Uncategorised IOVNB (V and S) Dataset\S-Dataset\S-T8.csv,Smartphone,48344,18,0
Unsynchronised V and S Dataset\Uncategorised IOVNB (V and S) Dataset\S-Dataset\S-T9.csv,Smartphone,79909,18,0
Unsynchronised V and S Dataset\Uncategorised IOVNB (V and S) Dataset\S-Dataset\S-Vfa01.csv,Smartphone,11486,24,0
Unsynchronised V and S Dataset\Uncategorised IOVNB (V and S) Dataset\S-Dataset\S-Vfa02.csv,Smartphone,67523,24,0
Unsynchronised V and S Dataset\Uncategorised IOVNB (V and S) Dataset\S-Dataset\S-Vta10.csv,Smartphone,1502,24,0
Unsynchronised V and S Dataset\Uncategorised IOVNB (V and S) Dataset\S-Dataset\S-Vta11.csv,Smartphone,510,24,0
Unsynchronised V and S Dataset\Uncategorised IOVNB (V and S) Dataset\S-Dataset\S-Vta12.csv,Smartphone,610,24,0
Unsynchronised V and S Dataset\Uncategorised IOVNB (V and S) Dataset\S-Dataset\S-Vta13.csv,Smartphone,404,24,0
Unsynchronised V and S Dataset\Uncategorised IOVNB (V and S) Dataset\S-Dataset\S-Vta14.csv,Smartphone,2885,24,0
Unsynchronised V and S Dataset\Uncategorised IOVNB (V and S) Dataset\S-Dataset\S-Vta15.csv,Smartphone,833,24,0
Unsynchronised V and S Dataset\Uncategorised IOVNB (V and S) Dataset\S-Dataset\S-Vta16.csv,Smartphone,11335,24,0
Unsynchronised V and S Dataset\Uncategorised IOVNB (V and S) Dataset\S-Dataset\S-Vta17.csv,Smartphone,4519,24,0
Unsynchronised V and S Dataset\Uncategorised IOVNB (V and S) Dataset\S-Dataset\S-Vta19.csv,Smartphone,292,24,0
Unsynchronised V and S Dataset\Uncategorised IOVNB (V and S) Dataset\S-Dataset\S-Vta1a.csv,Smartphone,25676,24,0
Unsynchronised V and S Dataset\Uncategorised IOVNB (V and S) Dataset\S-Dataset\S-Vta1b.csv,Smartphone,954,24,0
Unsynchronised V and S Dataset\Uncategorised IOVNB (V and S) Dataset\S-Dataset\S-Vta2.csv,Smartphone,10991,24,0
Unsynchronised V and S Dataset\Uncategorised IOVNB (V and S) Dataset\S-Dataset\S-Vta20.csv,Smartphone,3223,24,0
Unsynchronised V and S Dataset\Uncategorised IOVNB (V and S) Dataset\S-Dataset\S-Vta21.csv,Smartphone,2079,24,0
Unsynchronised V and S Dataset\Uncategorised IOVNB (V and S) Dataset\S-Dataset\S-Vta22.csv,Smartphone,1564,24,0
Unsynchronised V and S Dataset\Uncategorised IOVNB (V and S) Dataset\S-Dataset\S-Vta23.csv,Smartphone,1110,24,0
Unsynchronised V and S Dataset\Uncategorised IOVNB (V and S) Dataset\S-Dataset\S-Vta24.csv,Smartphone,1171,24,0
Unsynchronised V and S Dataset\Uncategorised IOVNB (V and S) Dataset\S-Dataset\S-Vta25.csv,Smartphone,646,24,0
Unsynchronised V and S Dataset\Uncategorised IOVNB (V and S) Dataset\S-Dataset\S-Vta26.csv,Smartphone,1935,24,0
Unsynchronised V and S Dataset\Uncategorised IOVNB (V and S) Dataset\S-Dataset\S-Vta27.csv,Smartphone,2540,24,0
Unsynchronised V and S Dataset\Uncategorised IOVNB (V and S) Dataset\S-Dataset\S-Vta28.csv,Smartphone,4210,24,0
Unsynchronised V and S Dataset\Uncategorised IOVNB (V and S) Dataset\S-Dataset\S-Vta29.csv,Smartphone,23705,24,0
Unsynchronised V and S Dataset\Uncategorised IOVNB (V and S) Dataset\S-Dataset\S-Vta3.csv,Smartphone,645,24,0
Unsynchronised V and S Dataset\Uncategorised IOVNB (V and S) Dataset\S-Dataset\S-Vta30.csv,Smartphone,17136,24,0
Unsynchronised V and S Dataset\Uncategorised IOVNB (V and S) Dataset\S-Dataset\S-Vta4.csv,Smartphone,1789,24,0
Unsynchronised V and S Dataset\Uncategorised IOVNB (V and S) Dataset\S-Dataset\S-Vta5.csv,Smartphone,307,24,0
Unsynchronised V and S Dataset\Uncategorised IOVNB (V and S) Dataset\S-Dataset\S-Vta6.csv,Smartphone,1376,24,0
Unsynchronised V and S Dataset\Uncategorised IOVNB (V and S) Dataset\S-Dataset\S-Vta7.csv,Smartphone,840,24,0
Unsynchronised V and S Dataset\Uncategorised IOVNB (V and S) Dataset\S-Dataset\S-Vta8.csv,Smartphone,3676,24,0
Unsynchronised V and S Dataset\Uncategorised IOVNB (V and S) Dataset\S-Dataset\S-Vta9.csv,Smartphone,156,24,0
Unsynchronised V and S Dataset\Uncategorised IOVNB (V and S) Dataset\S-Dataset\S-Vtb1.csv,Smartphone,32459,24,0
Unsynchronised V and S Dataset\Uncategorised IOVNB (V and S) Dataset\S-Dataset\S-Vtb10.csv,Smartphone,196,24,0
Unsynchronised V and S Dataset\Uncategorised IOVNB (V and S) Dataset\S-Dataset\S-Vtb11.csv,Smartphone,361,24,0
Unsynchronised V and S Dataset\Uncategorised IOVNB (V and S) Dataset\S-Dataset\S-Vtb12.csv,Smartphone,447,24,0
Unsynchronised V and S Dataset\Uncategorised IOVNB (V and S) Dataset\S-Dataset\S-Vtb2.csv,Smartphone,5712,24,0
Unsynchronised V and S Dataset\Uncategorised IOVNB (V and S) Dataset\S-Dataset\S-Vtb3.csv,Smartphone,8240,24,0
Unsynchronised V and S Dataset\Uncategorised IOVNB (V and S) Dataset\S-Dataset\S-Vtb4.csv,Smartphone,556,24,0
Unsynchronised V and S Dataset\Uncategorised IOVNB (V and S) Dataset\S-Dataset\S-Vtb5.csv,Smartphone,64388,24,0
Unsynchronised V and S Dataset\Uncategorised IOVNB (V and S) Dataset\S-Dataset\S-Vtb6.csv,Smartphone,498,24,0
Unsynchronised V and S Dataset\Uncategorised IOVNB (V and S) Dataset\S-Dataset\S-Vtb7.csv,Smartphone,461,24,0
Unsynchronised V and S Dataset\Uncategorised IOVNB (V and S) Dataset\S-Dataset\S-Vtb8.csv,Smartphone,668,24,0
Unsynchronised V and S Dataset\Uncategorised IOVNB (V and S) Dataset\S-Dataset\S-Vtb9.csv,Smartphone,452,24,0
Unsynchronised V and S Dataset\Uncategorised IOVNB (V and S) Dataset\S-Dataset\S-Vw1.csv,Smartphone,20476,24,0
Unsynchronised V and S Dataset\Uncategorised IOVNB (V and S) Dataset\S-Dataset\S-Vw10.csv,Smartphone,652,24,0
Unsynchronised V and S Dataset\Uncategorised IOVNB (V and S) Dataset\S-Dataset\S-Vw11.csv,Smartphone,4909,24,0
Unsynchronised V and S Dataset\Uncategorised IOVNB (V and S) Dataset\S-Dataset\S-Vw12.csv,Smartphone,918,24,0
Unsynchronised V and S Dataset\Uncategorised IOVNB (V and S) Dataset\S-Dataset\S-Vw13.csv,Smartphone,284,24,0
Unsynchronised V and S Dataset\Uncategorised IOVNB (V and S) Dataset\S-Dataset\S-Vw14a.csv,Smartphone,3138,24,0
Unsynchronised V and S Dataset\Uncategorised IOVNB (V and S) Dataset\S-Dataset\S-Vw14b.csv,Smartphone,19588,24,0
Unsynchronised V and S Dataset\Uncategorised IOVNB (V and S) Dataset\S-Dataset\S-Vw14c.csv,Smartphone,15826,24,0
Unsynchronised V and S Dataset\Uncategorised IOVNB (V and S) Dataset\S-Dataset\S-Vw15.csv,Smartphone,1380,24,0
Unsynchronised V and S Dataset\Uncategorised IOVNB (V and S) Dataset\S-Dataset\S-Vw16a.csv,Smartphone,5879,24,0
Unsynchronised V and S Dataset\Uncategorised IOVNB (V and S) Dataset\S-Dataset\S-Vw16b.csv,Smartphone,1126,24,0
Unsynchronised V and S Dataset\Uncategorised IOVNB (V and S) Dataset\S-Dataset\S-Vw17.csv,Smartphone,329,24,0
Unsynchronised V and S Dataset\Uncategorised IOVNB (V and S) Dataset\S-Dataset\S-Vw2.csv,Smartphone,52713,24,0
Unsynchronised V and S Dataset\Uncategorised IOVNB (V and S) Dataset\S-Dataset\S-Vw3.csv,Smartphone,3861,24,0
Unsynchronised V and S Dataset\Uncategorised IOVNB (V and S) Dataset\S-Dataset\S-Vw4.csv,Smartphone,126526,24,0
Unsynchronised V and S Dataset\Uncategorised IOVNB (V and S) Dataset\S-Dataset\S-Vw5.csv,Smartphone,1012,24,0
Unsynchronised V and S Dataset\Uncategorised IOVNB (V and S) Dataset\S-Dataset\S-Vw6.csv,Smartphone,1281,24,0
Unsynchronised V and S Dataset\Uncategorised IOVNB (V and S) Dataset\S-Dataset\S-Vw7.csv,Smartphone,1602,24,0
Unsynchronised V and S Dataset\Uncategorised IOVNB (V and S) Dataset\S-Dataset\S-Vw8.csv,Smartphone,1529,24,0
Unsynchronised V and S Dataset\Uncategorised IOVNB (V and S) Dataset\S-Dataset\S-Vw9.csv,Smartphone,552,24,0
Unsynchronised V and S Dataset\Uncategorised IOVNB (V and S) Dataset\S-Dataset\S-Y1.csv,Smartphone,70285,24,98
Unsynchronised V and S Dataset\Uncategorised IOVNB (V and S) Dataset\V-Dataset\V-M.csv,Vehicle,105995,29,0
Unsynchronised V and S Dataset\Uncategorised IOVNB (V and S) Dataset\V-Dataset\V-S1.csv,Vehicle,51790,29,0
Unsynchronised V and S Dataset\Uncategorised IOVNB (V and S) Dataset\V-Dataset\V-S2.csv,Vehicle,93900,29,0
Unsynchronised V and S Dataset\Uncategorised IOVNB (V and S) Dataset\V-Dataset\V-S3a.csv,Vehicle,24660,29,0
Unsynchronised V and S Dataset\Uncategorised IOVNB (V and S) Dataset\V-Dataset\V-S3b.csv,Vehicle,6840,29,0
Unsynchronised V and S Dataset\Uncategorised IOVNB (V and S) Dataset\V-Dataset\V-S3c.csv,Vehicle,37220,29,0
Unsynchronised V and S Dataset\Uncategorised IOVNB (V and S) Dataset\V-Dataset\V-S4.csv,Vehicle,97824,29,0
Unsynchronised V and S Dataset\Uncategorised IOVNB (V and S) Dataset\V-Dataset\V-St1.csv,Vehicle,57213,29,0
Unsynchronised V and S Dataset\Uncategorised IOVNB (V and S) Dataset\V-Dataset\V-St4.csv,Vehicle,13591,29,0
Unsynchronised V and S Dataset\Uncategorised IOVNB (V and S) Dataset\V-Dataset\V-St6.csv,Vehicle,51360,29,0
Unsynchronised V and S Dataset\Uncategorised IOVNB (V and S) Dataset\V-Dataset\V-St7.csv,Vehicle,44427,29,0
Unsynchronised V and S Dataset\Uncategorised IOVNB (V and S) Dataset\V-Dataset\V-Vfa01.csv,Vehicle,11535,29,0
Unsynchronised V and S Dataset\Uncategorised IOVNB (V and S) Dataset\V-Dataset\V-Vfa02.csv,Vehicle,67755,29,0
Unsynchronised V and S Dataset\Uncategorised IOVNB (V and S) Dataset\V-Dataset\V-Vfb01a.csv,Vehicle,17000,29,0
Unsynchronised V and S Dataset\Uncategorised IOVNB (V and S) Dataset\V-Dataset\V-Vfb01b.csv,Vehicle,3880,29,0
Unsynchronised V and S Dataset\Uncategorised IOVNB (V and S) Dataset\V-Dataset\V-Vfb01c.csv,Vehicle,6320,29,0
Unsynchronised V and S Dataset\Uncategorised IOVNB (V and S) Dataset\V-Dataset\V-Vfb01d.csv,Vehicle,10713,29,0
Unsynchronised V and S Dataset\Uncategorised IOVNB (V and S) Dataset\V-Dataset\V-Vfb02a.csv,Vehicle,35960,29,0
Unsynchronised V and S Dataset\Uncategorised IOVNB (V and S) Dataset\V-Dataset\V-Vfb02b.csv,Vehicle,11000,29,0
Unsynchronised V and S Dataset\Uncategorised IOVNB (V and S) Dataset\V-Dataset\V-Vfb02c.csv,Vehicle,640,29,0
Unsynchronised V and S Dataset\Uncategorised IOVNB (V and S) Dataset\V-Dataset\V-Vfb02d.csv,Vehicle,880,29,0
Unsynchronised V and S Dataset\Uncategorised IOVNB (V and S) Dataset\V-Dataset\V-Vfb02e.csv,Vehicle,980,29,0
Unsynchronised V and S Dataset\Uncategorised IOVNB (V and S) Dataset\V-Dataset\V-Vfb02f.csv,Vehicle,660,29,0
Unsynchronised V and S Dataset\Uncategorised IOVNB (V and S) Dataset\V-Dataset\V-Vfb02g.csv,Vehicle,27159,29,0
Unsynchronised V and S Dataset\Uncategorised IOVNB (V and S) Dataset\V-Dataset\V-Vta10.csv,Vehicle,1570,29,0
Unsynchronised V and S Dataset\Uncategorised IOVNB (V and S) Dataset\V-Dataset\V-Vta11.csv,Vehicle,589,29,0
Unsynchronised V and S Dataset\Uncategorised IOVNB (V and S) Dataset\V-Dataset\V-Vta12.csv,Vehicle,690,29,0
Unsynchronised V and S Dataset\Uncategorised IOVNB (V and S) Dataset\V-Dataset\V-Vta13.csv,Vehicle,473,29,0
Unsynchronised V and S Dataset\Uncategorised IOVNB (V and S) Dataset\V-Dataset\V-Vta14.csv,Vehicle,2893,29,0
Unsynchronised V and S Dataset\Uncategorised IOVNB (V and S) Dataset\V-Dataset\V-Vta15.csv,Vehicle,869,29,0
Unsynchronised V and S Dataset\Uncategorised IOVNB (V and S) Dataset\V-Dataset\V-Vta16.csv,Vehicle,11361,29,0
Unsynchronised V and S Dataset\Uncategorised IOVNB (V and S) Dataset\V-Dataset\V-Vta17.csv,Vehicle,4594,29,0
Unsynchronised V and S Dataset\Uncategorised IOVNB (V and S) Dataset\V-Dataset\V-Vta18.csv,Vehicle,100,29,0
Unsynchronised V and S Dataset\Uncategorised IOVNB (V and S) Dataset\V-Dataset\V-Vta19.csv,Vehicle,310,29,0
Unsynchronised V and S Dataset\Uncategorised IOVNB (V and S) Dataset\V-Dataset\V-Vta1a.csv,Vehicle,25821,29,0
Unsynchronised V and S Dataset\Uncategorised IOVNB (V and S) Dataset\V-Dataset\V-Vta1b.csv,Vehicle,956,29,0
Unsynchronised V and S Dataset\Uncategorised IOVNB (V and S) Dataset\V-Dataset\V-Vta2.csv,Vehicle,10995,29,0
Unsynchronised V and S Dataset\Uncategorised IOVNB (V and S) Dataset\V-Dataset\V-Vta20.csv,Vehicle,3223,29,0
Unsynchronised V and S Dataset\Uncategorised IOVNB (V and S) Dataset\V-Dataset\V-Vta21.csv,Vehicle,2088,29,0
Unsynchronised V and S Dataset\Uncategorised IOVNB (V and S) Dataset\V-Dataset\V-Vta22.csv,Vehicle,1572,29,0
Unsynchronised V and S Dataset\Uncategorised IOVNB (V and S) Dataset\V-Dataset\V-Vta23.csv,Vehicle,1119,29,0
Unsynchronised V and S Dataset\Uncategorised IOVNB (V and S) Dataset\V-Dataset\V-Vta24.csv,Vehicle,1184,29,0
Unsynchronised V and S Dataset\Uncategorised IOVNB (V and S) Dataset\V-Dataset\V-Vta25.csv,Vehicle,646,29,0
Unsynchronised V and S Dataset\Uncategorised IOVNB (V and S) Dataset\V-Dataset\V-Vta26.csv,Vehicle,1947,29,0
Unsynchronised V and S Dataset\Uncategorised IOVNB (V and S) Dataset\V-Dataset\V-Vta27.csv,Vehicle,2853,29,0
Unsynchronised V and S Dataset\Uncategorised IOVNB (V and S) Dataset\V-Dataset\V-Vta28.csv,Vehicle,4219,29,0
Unsynchronised V and S Dataset\Uncategorised IOVNB (V and S) Dataset\V-Dataset\V-Vta29.csv,Vehicle,23737,29,0
Unsynchronised V and S Dataset\Uncategorised IOVNB (V and S) Dataset\V-Dataset\V-Vta3.csv,Vehicle,875,29,0
Unsynchronised V and S Dataset\Uncategorised IOVNB (V and S) Dataset\V-Dataset\V-Vta30.csv,Vehicle,17179,29,0
Unsynchronised V and S Dataset\Uncategorised IOVNB (V and S) Dataset\V-Dataset\V-Vta4.csv,Vehicle,1809,29,0
Unsynchronised V and S Dataset\Uncategorised IOVNB (V and S) Dataset\V-Dataset\V-Vta5.csv,Vehicle,357,29,0
Unsynchronised V and S Dataset\Uncategorised IOVNB (V and S) Dataset\V-Dataset\V-Vta6.csv,Vehicle,1393,29,0
Unsynchronised V and S Dataset\Uncategorised IOVNB (V and S) Dataset\V-Dataset\V-Vta7.csv,Vehicle,857,29,0
Unsynchronised V and S Dataset\Uncategorised IOVNB (V and S) Dataset\V-Dataset\V-Vta8.csv,Vehicle,3697,29,0
Unsynchronised V and S Dataset\Uncategorised IOVNB (V and S) Dataset\V-Dataset\V-Vta9.csv,Vehicle,226,29,0
Unsynchronised V and S Dataset\Uncategorised IOVNB (V and S) Dataset\V-Dataset\V-Vtb1.csv,Vehicle,32459,29,0
Unsynchronised V and S Dataset\Uncategorised IOVNB (V and S) Dataset\V-Dataset\V-Vtb10.csv,Vehicle,195,29,0
Unsynchronised V and S Dataset\Uncategorised IOVNB (V and S) Dataset\V-Dataset\V-Vtb11.csv,Vehicle,433,29,0
Unsynchronised V and S Dataset\Uncategorised IOVNB (V and S) Dataset\V-Dataset\V-Vtb12.csv,Vehicle,490,29,0
Unsynchronised V and S Dataset\Uncategorised IOVNB (V and S) Dataset\V-Dataset\V-Vtb13.csv,Vehicle,1245,29,0
Unsynchronised V and S Dataset\Uncategorised IOVNB (V and S) Dataset\V-Dataset\V-Vtb2.csv,Vehicle,5712,29,0
Unsynchronised V and S Dataset\Uncategorised IOVNB (V and S) Dataset\V-Dataset\V-Vtb3.csv,Vehicle,8289,29,0
Unsynchronised V and S Dataset\Uncategorised IOVNB (V and S) Dataset\V-Dataset\V-Vtb4.csv,Vehicle,625,29,0
Unsynchronised V and S Dataset\Uncategorised IOVNB (V and S) Dataset\V-Dataset\V-Vtb5.csv,Vehicle,64610,29,0
Unsynchronised V and S Dataset\Uncategorised IOVNB (V and S) Dataset\V-Dataset\V-Vtb6.csv,Vehicle,508,29,0
Unsynchronised V and S Dataset\Uncategorised IOVNB (V and S) Dataset\V-Dataset\V-Vtb7.csv,Vehicle,461,29,0
Unsynchronised V and S Dataset\Uncategorised IOVNB (V and S) Dataset\V-Dataset\V-Vtb8.csv,Vehicle,699,29,0
Unsynchronised V and S Dataset\Uncategorised IOVNB (V and S) Dataset\V-Dataset\V-Vtb9.csv,Vehicle,457,29,0
Unsynchronised V and S Dataset\Uncategorised IOVNB (V and S) Dataset\V-Dataset\V-Vw1.csv,Vehicle,20475,29,0
Unsynchronised V and S Dataset\Uncategorised IOVNB (V and S) Dataset\V-Dataset\V-Vw10.csv,Vehicle,670,29,0
Unsynchronised V and S Dataset\Uncategorised IOVNB (V and S) Dataset\V-Dataset\V-Vw11.csv,Vehicle,4924,29,0
Unsynchronised V and S Dataset\Uncategorised IOVNB (V and S) Dataset\V-Dataset\V-Vw12.csv,Vehicle,1069,29,0
Unsynchronised V and S Dataset\Uncategorised IOVNB (V and S) Dataset\V-Dataset\V-Vw13.csv,Vehicle,297,29,0
Unsynchronised V and S Dataset\Uncategorised IOVNB (V and S) Dataset\V-Dataset\V-Vw14a.csv,Vehicle,3140,29,0
Unsynchronised V and S Dataset\Uncategorised IOVNB (V and S) Dataset\V-Dataset\V-Vw14b.csv,Vehicle,19600,29,0
Unsynchronised V and S Dataset\Uncategorised IOVNB (V and S) Dataset\V-Dataset\V-Vw14c.csv,Vehicle,15857,29,0
Unsynchronised V and S Dataset\Uncategorised IOVNB (V and S) Dataset\V-Dataset\V-Vw15.csv,Vehicle,1391,29,0
Unsynchronised V and S Dataset\Uncategorised IOVNB (V and S) Dataset\V-Dataset\V-Vw16a.csv,Vehicle,6000,29,0
Unsynchronised V and S Dataset\Uncategorised IOVNB (V and S) Dataset\V-Dataset\V-Vw16b.csv,Vehicle,1171,29,0
Unsynchronised V and S Dataset\Uncategorised IOVNB (V and S) Dataset\V-Dataset\V-Vw17.csv,Vehicle,329,29,0
Unsynchronised V and S Dataset\Uncategorised IOVNB (V and S) Dataset\V-Dataset\V-Vw2.csv,Vehicle,52712,29,0
Unsynchronised V and S Dataset\Uncategorised IOVNB (V and S) Dataset\V-Dataset\V-Vw3.csv,Vehicle,3941,29,0
Unsynchronised V and S Dataset\Uncategorised IOVNB (V and S) Dataset\V-Dataset\V-Vw4.csv,Vehicle,126573,29,0
Unsynchronised V and S Dataset\Uncategorised IOVNB (V and S) Dataset\V-Dataset\V-Vw5.csv,Vehicle,1050,29,0
Unsynchronised V and S Dataset\Uncategorised IOVNB (V and S) Dataset\V-Dataset\V-Vw6.csv,Vehicle,1288,29,0
Unsynchronised V and S Dataset\Uncategorised IOVNB (V and S) Dataset\V-Dataset\V-Vw7.csv,Vehicle,1689,29,0
Unsynchronised V and S Dataset\Uncategorised IOVNB (V and S) Dataset\V-Dataset\V-Vw8.csv,Vehicle,1599,29,0
Unsynchronised V and S Dataset\Uncategorised IOVNB (V and S) Dataset\V-Dataset\V-Vw9.csv,Vehicle,601,29,0
Unsynchronised V and S Dataset\Uncategorised IOVNB (V and S) Dataset\V-Dataset\V-Y1.csv,Vehicle,70341,29,0
Unsynchronised V and S Dataset\Uncategorised IOVNB (V and S) Dataset\V-Dataset\V-Y2.csv,Vehicle,57213,29,0
